[{"reportDate":"2025-1-21","amount":661,"reportType":"srideIncome","viaGPay":false},{"reportDate":"2025-1-20","amount":819,"reportType":"srideIncome","viaGPay":false},{"reportDate":"2025-1-17","amount":647,"reportType":"srideIncome","viaGPay":false},{"reportDate":"2025-1-15","amount":814,"reportType":"srideIncome","viaGPay":false},{"reportDate":"2025-1-14","amount":649,"reportType":"srideIncome","viaGPay":false},{"reportDate":"2025-1-9","amount":576,"reportType":"srideIncome","viaGPay":false},{"reportDate":"2025-1-7","amount":732,"reportType":"srideIncome","viaGPay":false},{"reportDate":"2025-1-6","amount":631,"reportType":"srideIncome","viaGPay":false},{"reportDate":"2025-1-25","amount":206,"reportType":"srideIncome","viaGPay":true},{"reportDate":"2025-1-18","amount":309,"reportType":"srideIncome","viaGPay":true},{"reportDate":"2025-1-12","amount":206,"reportType":"srideIncome","viaGPay":true},{"reportDate":"2025-1-9","amount":99,"reportType":"srideIncome","viaGPay":true},{"reportDate":"2025-1-7","amount":100,"reportType":"srideIncome","viaGPay":true},{"reportDate":"2025-1-6","amount":2150,"reportType":"petrolExpense","viaRewardPoints":false}]