[{"reportDate":"2025-10-31","amount":709,"reportType":"srideIncome","viaGPay":false},{"reportDate":"2025-10-30","amount":801,"reportType":"srideIncome","viaGPay":false},{"reportDate":"2025-10-27","amount":851,"reportType":"srideIncome","viaGPay":false},{"reportDate":"2025-10-24","amount":739,"reportType":"srideIncome","viaGPay":false},{"reportDate":"2025-10-22","amount":832,"reportType":"srideIncome","viaGPay":false},{"reportDate":"2025-10-16","amount":853,"reportType":"srideIncome","viaGPay":false},{"reportDate":"2025-10-14","amount":707,"reportType":"srideIncome","viaGPay":false},{"reportDate":"2025-10-13","amount":871,"reportType":"srideIncome","viaGPay":false},{"reportDate":"2025-10-9","amount":739,"reportType":"srideIncome","viaGPay":false},{"reportDate":"2025-10-8","amount":655,"reportType":"srideIncome","viaGPay":false},{"reportDate":"2025-10-7","amount":767,"reportType":"srideIncome","viaGPay":false},{"reportDate":"2025-10-7","amount":80,"reportType":"srideIncome","viaGPay":true},{"reportDate":"2025-10-8","amount":90,"reportType":"srideIncome","viaGPay":true},{"reportDate":"2025-10-7","amount":980,"reportType":"petrolExpense","viaRewardPoints":false},{"reportDate":"2025-10-14","amount":2254,"reportType":"petrolExpense","viaRewardPoints":false},{"reportDate":"2025-10-30","amount":2349,"reportType":"petrolExpense","viaRewardPoints":false},{"reportDate":"2025-10-1","amount":2187,"reportType":"petrolExpense","viaRewardPoints":false},{"reportDate":"2025-10-7","amount":4752,"reportType":"petrolExpense","viaRewardPoints":true}]