[{"reportDate":"2025-11-25","amount":732,"reportType":"srideIncome","viaGPay":false},{"reportDate":"2025-11-24","amount":814,"reportType":"srideIncome","viaGPay":false},{"reportDate":"2025-11-21","amount":329,"reportType":"srideIncome","viaGPay":false},{"reportDate":"2025-11-20","amount":843,"reportType":"srideIncome","viaGPay":false},{"reportDate":"2025-11-19","amount":838,"reportType":"srideIncome","viaGPay":false},{"reportDate":"2025-11-17","amount":825,"reportType":"srideIncome","viaGPay":false},{"reportDate":"2025-11-14","amount":593,"reportType":"srideIncome","viaGPay":false},{"reportDate":"2025-11-11","amount":688,"reportType":"srideIncome","viaGPay":false},{"reportDate":"2025-11-10","amount":760,"reportType":"srideIncome","viaGPay":false},{"reportDate":"2025-11-7","amount":732,"reportType":"srideIncome","viaGPay":false},{"reportDate":"2025-11-3","amount":843,"reportType":"srideIncome","viaGPay":false},{"reportDate":"2025-11-4","amount":824,"reportType":"srideIncome","viaGPay":false},{"reportDate":"2025-11-28","amount":471,"reportType":"srideIncome","viaGPay":false},{"reportDate":"2025-11-11","amount":82,"reportType":"srideIncome","viaGPay":true},{"reportDate":"2025-11-14","amount":235,"reportType":"srideIncome","viaGPay":true},{"reportDate":"2025-11-21","amount":125,"reportType":"srideIncome","viaGPay":true},{"reportDate":"2025-11-28","amount":250,"reportType":"srideIncome","viaGPay":true},{"reportDate":"2025-11-7","amount":2254,"reportType":"petrolExpense","viaRewardPoints":false},{"reportDate":"2025-11-17","amount":2154,"reportType":"petrolExpense","viaRewardPoints":false},{"reportDate":"2025-11-22","amount":972,"reportType":"petrolExpense","viaRewardPoints":false},{"reportDate":"2025-11-28","amount":2254,"reportType":"petrolExpense","viaRewardPoints":false}]