[{"reportDate":"2025-12-2","amount":838,"reportType":"srideIncome","viaGPay":false},{"reportDate":"2025-12-1","amount":839,"reportType":"srideIncome","viaGPay":false},{"reportDate":"2025-12-8","amount":845,"reportType":"srideIncome","viaGPay":false},{"reportDate":"2025-12-5","amount":850,"reportType":"srideIncome","viaGPay":false},{"reportDate":"2025-12-9","amount":818,"reportType":"srideIncome","viaGPay":false},{"reportDate":"2025-12-12","amount":408,"reportType":"srideIncome","viaGPay":false},{"reportDate":"2025-12-12","amount":125,"reportType":"srideIncome","viaGPay":true},{"reportDate":"2025-12-15","amount":620,"reportType":"srideIncome","viaGPay":false},{"reportDate":"2025-12-22","amount":387,"reportType":"srideIncome","viaGPay":false},{"reportDate":"2025-12-19","amount":639,"reportType":"srideIncome","viaGPay":false},{"reportDate":"2025-12-16","amount":785,"reportType":"srideIncome","viaGPay":false},{"reportDate":"2025-12-22","amount":127,"reportType":"srideIncome","viaGPay":true},{"reportDate":"2025-12-19","amount":250,"reportType":"srideIncome","viaGPay":true},{"reportDate":"2025-12-1","amount":103,"reportType":"srideIncome","viaGPay":true},{"reportDate":"2025-12-12","amount":4963,"reportType":"petrolExpense","viaRewardPoints":true},{"reportDate":"2025-12-10","amount":1046.88,"reportType":"petrolExpense","viaRewardPoints":false},{"reportDate":"2025-12-20","amount":1953.51,"reportType":"petrolExpense","viaRewardPoints":false},{"reportDate":"2025-12-25","amount":2165,"reportType":"petrolExpense","viaRewardPoints":false}]