[{"reportDate":"2025-2-27","amount":680,"reportType":"srideIncome","viaGPay":false},{"reportDate":"2025-2-25","amount":763,"reportType":"srideIncome","viaGPay":false},{"reportDate":"2025-2-24","amount":468,"reportType":"srideIncome","viaGPay":false},{"reportDate":"2025-2-21","amount":108,"reportType":"srideIncome","viaGPay":false},{"reportDate":"2025-2-19","amount":876,"reportType":"srideIncome","viaGPay":false},{"reportDate":"2025-2-17","amount":889,"reportType":"srideIncome","viaGPay":false},{"reportDate":"2025-2-4","amount":654,"reportType":"srideIncome","viaGPay":false},{"reportDate":"2025-2-27","amount":100,"reportType":"srideIncome","viaGPay":true},{"reportDate":"2025-2-24","amount":100,"reportType":"srideIncome","viaGPay":true},{"reportDate":"2025-2-24","amount":105,"reportType":"srideIncome","viaGPay":true},{"reportDate":"2025-2-16","amount":206,"reportType":"srideIncome","viaGPay":true},{"reportDate":"2025-2-9","amount":412,"reportType":"srideIncome","viaGPay":true},{"reportDate":"2025-2-3","amount":309,"reportType":"srideIncome","viaGPay":true},{"reportDate":"2025-2-4","amount":2250,"reportType":"petrolExpense","viaRewardPoints":false},{"reportDate":"2025-2-14","amount":2150,"reportType":"petrolExpense","viaRewardPoints":false},{"reportDate":"2025-2-27","amount":2150,"reportType":"petrolExpense","viaRewardPoints":false}]