[{"reportDate":"2025-3-27","amount":544,"reportType":"srideIncome","viaGPay":false},{"reportDate":"2025-3-26","amount":489,"reportType":"srideIncome","viaGPay":false},{"reportDate":"2025-3-25","amount":501,"reportType":"srideIncome","viaGPay":false},{"reportDate":"2025-3-20","amount":826,"reportType":"srideIncome","viaGPay":false},{"reportDate":"2025-3-18","amount":597,"reportType":"srideIncome","viaGPay":false},{"reportDate":"2025-3-17","amount":528,"reportType":"srideIncome","viaGPay":false},{"reportDate":"2025-3-13","amount":210,"reportType":"srideIncome","viaGPay":false},{"reportDate":"2025-3-13","amount":503,"reportType":"srideIncome","viaGPay":false},{"reportDate":"2025-3-11","amount":618,"reportType":"srideIncome","viaGPay":false},{"reportDate":"2025-3-10","amount":715,"reportType":"srideIncome","viaGPay":false},{"reportDate":"2025-3-6","amount":847,"reportType":"srideIncome","viaGPay":false},{"reportDate":"2025-3-4","amount":638,"reportType":"srideIncome","viaGPay":false},{"reportDate":"2025-3-3","amount":656,"reportType":"srideIncome","viaGPay":false},{"reportDate":"2025-3-30","amount":412,"reportType":"srideIncome","viaGPay":true},{"reportDate":"2025-3-27","amount":120,"reportType":"srideIncome","viaGPay":true},{"reportDate":"2025-3-24","amount":206,"reportType":"srideIncome","viaGPay":true},{"reportDate":"2025-3-18","amount":85,"reportType":"srideIncome","viaGPay":true},{"reportDate":"2025-3-17","amount":85,"reportType":"srideIncome","viaGPay":true},{"reportDate":"2025-3-15","amount":103,"reportType":"srideIncome","viaGPay":true},{"reportDate":"2025-3-13","amount":120,"reportType":"srideIncome","viaGPay":true},{"reportDate":"2025-3-10","amount":85,"reportType":"srideIncome","viaGPay":true},{"reportDate":"2025-3-11","amount":85,"reportType":"srideIncome","viaGPay":true},{"reportDate":"2025-3-8","amount":206,"reportType":"srideIncome","viaGPay":true},{"reportDate":"2025-3-17","amount":200,"reportType":"srideIncome","viaGPay":true},{"reportDate":"2025-3-30","amount":104,"reportType":"srideIncome","viaGPay":true},{"reportDate":"2025-3-10","amount":2250,"reportType":"petrolExpense","viaRewardPoints":false},{"reportDate":"2025-3-20","amount":2250,"reportType":"petrolExpense","viaRewardPoints":false}]