[{"reportDate":"2025-4-28","amount":705,"reportType":"srideIncome","viaGPay":false},{"reportDate":"2025-4-24","amount":612,"reportType":"srideIncome","viaGPay":false},{"reportDate":"2025-4-23","amount":656,"reportType":"srideIncome","viaGPay":false},{"reportDate":"2025-4-21","amount":264,"reportType":"srideIncome","viaGPay":false},{"reportDate":"2025-4-21","amount":508,"reportType":"srideIncome","viaGPay":false},{"reportDate":"2025-4-17","amount":443,"reportType":"srideIncome","viaGPay":false},{"reportDate":"2025-4-17","amount":277,"reportType":"srideIncome","viaGPay":false},{"reportDate":"2025-4-16","amount":833,"reportType":"srideIncome","viaGPay":false},{"reportDate":"2025-4-14","amount":714,"reportType":"srideIncome","viaGPay":false},{"reportDate":"2025-4-9","amount":111,"reportType":"srideIncome","viaGPay":false},{"reportDate":"2025-4-9","amount":416,"reportType":"srideIncome","viaGPay":false},{"reportDate":"2025-4-8","amount":567,"reportType":"srideIncome","viaGPay":false},{"reportDate":"2025-4-3","amount":725,"reportType":"srideIncome","viaGPay":false},{"reportDate":"2025-4-2","amount":549,"reportType":"srideIncome","viaGPay":false},{"reportDate":"2025-4-1","amount":743,"reportType":"srideIncome","viaGPay":false},{"reportDate":"2025-4-27","amount":309,"reportType":"srideIncome","viaGPay":true},{"reportDate":"2025-4-16","amount":206,"reportType":"srideIncome","viaGPay":true},{"reportDate":"2025-4-9","amount":120,"reportType":"srideIncome","viaGPay":true},{"reportDate":"2025-4-8","amount":120,"reportType":"srideIncome","viaGPay":true},{"reportDate":"2025-4-7","amount":103,"reportType":"srideIncome","viaGPay":true},{"reportDate":"2025-4-2","amount":2150,"reportType":"petrolExpense","viaRewardPoints":false},{"reportDate":"2025-4-14","amount":2150,"reportType":"petrolExpense","viaRewardPoints":false},{"reportDate":"2025-4-19","amount":2150,"reportType":"petrolExpense","viaRewardPoints":false},{"reportDate":"2025-4-28","amount":2150,"reportType":"petrolExpense","viaRewardPoints":false}]