[{"reportDate":"2025-5-26","amount":706,"reportType":"srideIncome","viaGPay":false},{"reportDate":"2025-5-23","amount":208,"reportType":"srideIncome","viaGPay":false},{"reportDate":"2025-5-23","amount":431,"reportType":"srideIncome","viaGPay":false},{"reportDate":"2025-5-22","amount":500,"reportType":"srideIncome","viaGPay":false},{"reportDate":"2025-5-20","amount":751,"reportType":"srideIncome","viaGPay":false},{"reportDate":"2025-5-8","amount":588,"reportType":"srideIncome","viaGPay":false},{"reportDate":"2025-5-6","amount":642,"reportType":"srideIncome","viaGPay":false},{"reportDate":"2025-5-31","amount":103,"reportType":"srideIncome","viaGPay":true},{"reportDate":"2025-5-24","amount":206,"reportType":"srideIncome","viaGPay":true},{"reportDate":"2025-5-21","amount":100,"reportType":"srideIncome","viaGPay":true},{"reportDate":"2025-5-12","amount":206,"reportType":"srideIncome","viaGPay":true},{"reportDate":"2025-5-6","amount":83,"reportType":"srideIncome","viaGPay":true},{"reportDate":"2025-5-6","amount":102,"reportType":"srideIncome","viaGPay":true},{"reportDate":"2025-5-5","amount":192,"reportType":"srideIncome","viaGPay":true},{"reportDate":"2025-5-3","amount":206,"reportType":"srideIncome","viaGPay":true},{"reportDate":"2025-5-6","amount":2250,"reportType":"petrolExpense","viaRewardPoints":false},{"reportDate":"2025-5-30","amount":1650,"reportType":"petrolExpense","viaRewardPoints":false},{"reportDate":"2025-5-23","amount":1560,"reportType":"petrolExpense","viaRewardPoints":false}]