[{"reportDate":"2025-6-25","amount":755,"reportType":"srideIncome","viaGPay":false},{"reportDate":"2025-6-23","amount":835,"reportType":"srideIncome","viaGPay":false},{"reportDate":"2025-6-6","amount":172,"reportType":"srideIncome","viaGPay":false},{"reportDate":"2025-6-3","amount":574,"reportType":"srideIncome","viaGPay":false},{"reportDate":"2025-6-26","amount":700,"reportType":"srideIncome","viaGPay":false},{"reportDate":"2025-6-20","amount":693,"reportType":"srideIncome","viaGPay":false},{"reportDate":"2025-6-17","amount":524,"reportType":"srideIncome","viaGPay":false},{"reportDate":"2025-6-16","amount":736,"reportType":"srideIncome","viaGPay":false},{"reportDate":"2025-6-12","amount":443,"reportType":"srideIncome","viaGPay":false},{"reportDate":"2025-6-10","amount":725,"reportType":"srideIncome","viaGPay":false},{"reportDate":"2025-6-9","amount":652,"reportType":"srideIncome","viaGPay":false},{"reportDate":"2025-6-5","amount":584,"reportType":"srideIncome","viaGPay":false},{"reportDate":"2025-6-6","amount":570,"reportType":"srideIncome","viaGPay":false},{"reportDate":"2025-6-30","amount":206,"reportType":"srideIncome","viaGPay":true},{"reportDate":"2025-6-22","amount":206,"reportType":"srideIncome","viaGPay":true},{"reportDate":"2025-6-17","amount":200,"reportType":"srideIncome","viaGPay":true},{"reportDate":"2025-6-14","amount":309,"reportType":"srideIncome","viaGPay":true},{"reportDate":"2025-6-9","amount":107,"reportType":"srideIncome","viaGPay":true},{"reportDate":"2025-6-7","amount":206,"reportType":"srideIncome","viaGPay":true},{"reportDate":"2025-6-6","amount":105,"reportType":"srideIncome","viaGPay":true},{"reportDate":"2025-6-5","amount":116,"reportType":"srideIncome","viaGPay":true},{"reportDate":"2025-6-17","amount":2345,"reportType":"petrolExpense","viaRewardPoints":false},{"reportDate":"2025-6-26","amount":2345,"reportType":"petrolExpense","viaRewardPoints":false}]