[{"reportDate":"2025-7-2","amount":667,"reportType":"srideIncome","viaGPay":false},{"reportDate":"2025-7-28","amount":699,"reportType":"srideIncome","viaGPay":false},{"reportDate":"2025-7-24","amount":627,"reportType":"srideIncome","viaGPay":false},{"reportDate":"2025-7-22","amount":727,"reportType":"srideIncome","viaGPay":false},{"reportDate":"2025-7-18","amount":656,"reportType":"srideIncome","viaGPay":false},{"reportDate":"2025-7-17","amount":621,"reportType":"srideIncome","viaGPay":false},{"reportDate":"2025-7-15","amount":477,"reportType":"srideIncome","viaGPay":false},{"reportDate":"2025-7-14","amount":743,"reportType":"srideIncome","viaGPay":false},{"reportDate":"2025-7-11","amount":311,"reportType":"srideIncome","viaGPay":false},{"reportDate":"2025-7-11","amount":331,"reportType":"srideIncome","viaGPay":false},{"reportDate":"2025-7-7","amount":738,"reportType":"srideIncome","viaGPay":false},{"reportDate":"2025-7-4","amount":826,"reportType":"srideIncome","viaGPay":false},{"reportDate":"2025-7-3","amount":719,"reportType":"srideIncome","viaGPay":false},{"reportDate":"2025-7-7","amount":120,"reportType":"srideIncome","viaGPay":true},{"reportDate":"2025-7-3","amount":1980,"reportType":"petrolExpense","viaRewardPoints":false},{"reportDate":"2025-7-14","amount":2345,"reportType":"petrolExpense","viaRewardPoints":false},{"reportDate":"2025-7-22","amount":1575,"reportType":"petrolExpense","viaRewardPoints":false}]