[{"reportDate":"2025-8-11","amount":843,"reportType":"srideIncome","viaGPay":false},{"reportDate":"2025-8-28","amount":93,"reportType":"srideIncome","viaGPay":false},{"reportDate":"2025-8-29","amount":690,"reportType":"srideIncome","viaGPay":false},{"reportDate":"2025-8-28","amount":331,"reportType":"srideIncome","viaGPay":false},{"reportDate":"2025-8-26","amount":191,"reportType":"srideIncome","viaGPay":false},{"reportDate":"2025-8-26","amount":614,"reportType":"srideIncome","viaGPay":false},{"reportDate":"2025-8-21","amount":637,"reportType":"srideIncome","viaGPay":false},{"reportDate":"2025-8-18","amount":215,"reportType":"srideIncome","viaGPay":false},{"reportDate":"2025-8-19","amount":495,"reportType":"srideIncome","viaGPay":false},{"reportDate":"2025-8-18","amount":577,"reportType":"srideIncome","viaGPay":false},{"reportDate":"2025-8-14","amount":586,"reportType":"srideIncome","viaGPay":false},{"reportDate":"2025-8-12","amount":596,"reportType":"srideIncome","viaGPay":false},{"reportDate":"2025-8-16","amount":412,"reportType":"srideIncome","viaGPay":true},{"reportDate":"2025-8-19","amount":200,"reportType":"srideIncome","viaGPay":true},{"reportDate":"2025-8-25","amount":309,"reportType":"srideIncome","viaGPay":true},{"reportDate":"2025-8-29","amount":94,"reportType":"srideIncome","viaGPay":true},{"reportDate":"2025-8-30","amount":103,"reportType":"srideIncome","viaGPay":true},{"reportDate":"2025-8-11","amount":2239,"reportType":"petrolExpense","viaRewardPoints":false},{"reportDate":"2025-8-18","amount":2249,"reportType":"petrolExpense","viaRewardPoints":false},{"reportDate":"2025-8-28","amount":7786,"reportType":"petrolExpense","viaRewardPoints":true}]