[{"reportDate":"2025-9-22","amount":802,"reportType":"srideIncome","viaGPay":false},{"reportDate":"2025-9-18","amount":90,"reportType":"srideIncome","viaGPay":false},{"reportDate":"2025-9-19","amount":644,"reportType":"srideIncome","viaGPay":false},{"reportDate":"2025-9-18","amount":730,"reportType":"srideIncome","viaGPay":false},{"reportDate":"2025-9-16","amount":742,"reportType":"srideIncome","viaGPay":false},{"reportDate":"2025-9-12","amount":843,"reportType":"srideIncome","viaGPay":false},{"reportDate":"2025-9-11","amount":842,"reportType":"srideIncome","viaGPay":false},{"reportDate":"2025-9-8","amount":89,"reportType":"srideIncome","viaGPay":false},{"reportDate":"2025-9-9","amount":652,"reportType":"srideIncome","viaGPay":false},{"reportDate":"2025-9-8","amount":604,"reportType":"srideIncome","viaGPay":false},{"reportDate":"2025-9-5","amount":652,"reportType":"srideIncome","viaGPay":false},{"reportDate":"2025-9-2","amount":643,"reportType":"srideIncome","viaGPay":false},{"reportDate":"2025-9-1","amount":829,"reportType":"srideIncome","viaGPay":false},{"reportDate":"2025-9-5","amount":125,"reportType":"srideIncome","viaGPay":true},{"reportDate":"2025-9-5","amount":110,"reportType":"srideIncome","viaGPay":true},{"reportDate":"2025-9-8","amount":206,"reportType":"srideIncome","viaGPay":true},{"reportDate":"2025-9-15","amount":206,"reportType":"srideIncome","viaGPay":true},{"reportDate":"2025-9-19","amount":125,"reportType":"srideIncome","viaGPay":true},{"reportDate":"2025-9-22","amount":103,"reportType":"srideIncome","viaGPay":true},{"reportDate":"2025-9-5","amount":2254,"reportType":"petrolExpense","viaRewardPoints":false},{"reportDate":"2025-9-12","amount":2249,"reportType":"petrolExpense","viaRewardPoints":false},{"reportDate":"2025-9-19","amount":2349,"reportType":"petrolExpense","viaRewardPoints":false}]