[{"reportDate":"2024-1-31","amount":275,"reportType":"srideIncome","viaGPay":false},{"reportDate":"2024-1-30","amount":184,"reportType":"srideIncome","viaGPay":false},{"reportDate":"2024-1-29","amount":266,"reportType":"srideIncome","viaGPay":false},{"reportDate":"2024-1-25","amount":276,"reportType":"srideIncome","viaGPay":false},{"reportDate":"2024-1-24","amount":256,"reportType":"srideIncome","viaGPay":false},{"reportDate":"2024-1-2","amount":88,"reportType":"srideIncome","viaGPay":true},{"reportDate":"2024-1-5","amount":176,"reportType":"srideIncome","viaGPay":true},{"reportDate":"2024-1-13","amount":176,"reportType":"srideIncome","viaGPay":true},{"reportDate":"2024-1-20","amount":176,"reportType":"srideIncome","viaGPay":true},{"reportDate":"2024-1-29","amount":176,"reportType":"srideIncome","viaGPay":true}]