[{"reportDate":"2024-10-30","amount":671,"reportType":"srideIncome","viaGPay":false},{"reportDate":"2024-10-3","amount":667,"reportType":"srideIncome","viaGPay":false},{"reportDate":"2024-10-22","amount":576,"reportType":"srideIncome","viaGPay":false},{"reportDate":"2024-10-18","amount":704,"reportType":"srideIncome","viaGPay":false},{"reportDate":"2024-10-28","amount":490,"reportType":"srideIncome","viaGPay":false},{"reportDate":"2024-10-23","amount":511,"reportType":"srideIncome","viaGPay":false},{"reportDate":"2024-10-15","amount":800,"reportType":"srideIncome","viaGPay":false},{"reportDate":"2024-10-14","amount":553,"reportType":"srideIncome","viaGPay":false},{"reportDate":"2024-10-4","amount":610,"reportType":"srideIncome","viaGPay":false},{"reportDate":"2024-10-1","amount":82,"reportType":"srideIncome","viaGPay":false},{"reportDate":"2024-10-1","amount":293,"reportType":"srideIncome","viaGPay":false},{"reportDate":"2024-10-1","amount":101,"reportType":"srideIncome","viaGPay":true},{"reportDate":"2024-10-1","amount":123,"reportType":"srideIncome","viaGPay":true},{"reportDate":"2024-10-4","amount":95,"reportType":"srideIncome","viaGPay":true},{"reportDate":"2024-10-4","amount":104,"reportType":"srideIncome","viaGPay":true},{"reportDate":"2024-10-6","amount":264,"reportType":"srideIncome","viaGPay":true},{"reportDate":"2024-10-14","amount":104,"reportType":"srideIncome","viaGPay":true},{"reportDate":"2024-10-21","amount":176,"reportType":"srideIncome","viaGPay":true},{"reportDate":"2024-10-22","amount":123,"reportType":"srideIncome","viaGPay":true},{"reportDate":"2024-10-23","amount":123,"reportType":"srideIncome","viaGPay":true},{"reportDate":"2024-10-26","amount":264,"reportType":"srideIncome","viaGPay":true},{"reportDate":"2024-10-28","amount":95,"reportType":"srideIncome","viaGPay":true},{"reportDate":"2024-10-28","amount":104,"reportType":"srideIncome","viaGPay":true},{"reportDate":"2024-10-30","amount":95,"reportType":"srideIncome","viaGPay":true},{"reportDate":"2024-10-2","amount":2150,"reportType":"petrolExpense","viaRewardPoints":false},{"reportDate":"2024-10-11","amount":2150,"reportType":"petrolExpense","viaRewardPoints":false},{"reportDate":"2024-10-21","amount":2150,"reportType":"petrolExpense","viaRewardPoints":false}]