[{"reportDate":"2024-11-28","amount":683,"reportType":"srideIncome","viaGPay":false},{"reportDate":"2024-11-25","amount":592,"reportType":"srideIncome","viaGPay":false},{"reportDate":"2024-11-5","amount":640,"reportType":"srideIncome","viaGPay":false},{"reportDate":"2024-11-12","amount":482,"reportType":"srideIncome","viaGPay":false},{"reportDate":"2024-11-19","amount":78,"reportType":"srideIncome","viaGPay":false},{"reportDate":"2024-11-19","amount":197,"reportType":"srideIncome","viaGPay":false},{"reportDate":"2024-11-14","amount":101,"reportType":"srideIncome","viaGPay":false},{"reportDate":"2024-11-14","amount":527,"reportType":"srideIncome","viaGPay":false},{"reportDate":"2024-11-11","amount":455,"reportType":"srideIncome","viaGPay":false},{"reportDate":"2024-11-26","amount":277,"reportType":"srideIncome","viaGPay":false},{"reportDate":"2024-11-22","amount":78,"reportType":"srideIncome","viaGPay":false},{"reportDate":"2024-11-22","amount":203,"reportType":"srideIncome","viaGPay":false},{"reportDate":"2024-11-21","amount":386,"reportType":"srideIncome","viaGPay":false},{"reportDate":"2024-11-8","amount":257,"reportType":"srideIncome","viaGPay":false},{"reportDate":"2024-11-8","amount":103,"reportType":"srideIncome","viaGPay":false},{"reportDate":"2024-11-4","amount":530,"reportType":"srideIncome","viaGPay":false},{"reportDate":"2024-11-4","amount":95,"reportType":"srideIncome","viaGPay":true},{"reportDate":"2024-11-5","amount":100,"reportType":"srideIncome","viaGPay":true},{"reportDate":"2024-11-5","amount":95,"reportType":"srideIncome","viaGPay":true},{"reportDate":"2024-11-8","amount":100,"reportType":"srideIncome","viaGPay":true},{"reportDate":"2024-11-8","amount":200,"reportType":"srideIncome","viaGPay":true},{"reportDate":"2024-11-9","amount":264,"reportType":"srideIncome","viaGPay":true},{"reportDate":"2024-11-9","amount":100,"reportType":"srideIncome","viaGPay":true},{"reportDate":"2024-11-11","amount":200,"reportType":"srideIncome","viaGPay":true},{"reportDate":"2024-11-12","amount":200,"reportType":"srideIncome","viaGPay":true},{"reportDate":"2024-11-14","amount":200,"reportType":"srideIncome","viaGPay":true},{"reportDate":"2024-11-18","amount":176,"reportType":"srideIncome","viaGPay":true},{"reportDate":"2024-11-19","amount":100,"reportType":"srideIncome","viaGPay":true},{"reportDate":"2024-11-19","amount":123,"reportType":"srideIncome","viaGPay":true},{"reportDate":"2024-11-19","amount":95,"reportType":"srideIncome","viaGPay":true},{"reportDate":"2024-11-22","amount":101,"reportType":"srideIncome","viaGPay":true},{"reportDate":"2024-11-22","amount":200,"reportType":"srideIncome","viaGPay":true},{"reportDate":"2024-11-24","amount":176,"reportType":"srideIncome","viaGPay":true},{"reportDate":"2024-11-25","amount":123,"reportType":"srideIncome","viaGPay":true},{"reportDate":"2024-11-26","amount":103,"reportType":"srideIncome","viaGPay":true},{"reportDate":"2024-11-26","amount":103,"reportType":"srideIncome","viaGPay":true},{"reportDate":"2024-11-26","amount":123,"reportType":"srideIncome","viaGPay":true},{"reportDate":"2024-11-27","amount":95,"reportType":"srideIncome","viaGPay":true},{"reportDate":"2024-11-2","amount":2250,"reportType":"petrolExpense","viaRewardPoints":false},{"reportDate":"2024-11-11","amount":2150,"reportType":"petrolExpense","viaRewardPoints":false},{"reportDate":"2024-11-22","amount":2150,"reportType":"petrolExpense","viaRewardPoints":false}]