[{"reportDate":"2024-12-26","amount":481,"reportType":"srideIncome","viaGPay":false},{"reportDate":"2024-12-23","amount":480,"reportType":"srideIncome","viaGPay":false},{"reportDate":"2024-12-19","amount":630,"reportType":"srideIncome","viaGPay":false},{"reportDate":"2024-12-17","amount":598,"reportType":"srideIncome","viaGPay":false},{"reportDate":"2024-12-16","amount":601,"reportType":"srideIncome","viaGPay":false},{"reportDate":"2024-12-13","amount":234,"reportType":"srideIncome","viaGPay":false},{"reportDate":"2024-12-13","amount":411,"reportType":"srideIncome","viaGPay":false},{"reportDate":"2024-12-10","amount":575,"reportType":"srideIncome","viaGPay":false},{"reportDate":"2024-12-9","amount":682,"reportType":"srideIncome","viaGPay":false},{"reportDate":"2024-12-3","amount":675,"reportType":"srideIncome","viaGPay":false},{"reportDate":"2024-12-2","amount":606,"reportType":"srideIncome","viaGPay":false},{"reportDate":"2024-12-7","amount":176,"reportType":"srideIncome","viaGPay":true},{"reportDate":"2024-12-9","amount":95,"reportType":"srideIncome","viaGPay":true},{"reportDate":"2024-12-10","amount":114,"reportType":"srideIncome","viaGPay":true},{"reportDate":"2024-12-13","amount":130,"reportType":"srideIncome","viaGPay":true},{"reportDate":"2024-12-13","amount":114,"reportType":"srideIncome","viaGPay":true},{"reportDate":"2024-12-16","amount":95,"reportType":"srideIncome","viaGPay":true},{"reportDate":"2024-12-17","amount":103,"reportType":"srideIncome","viaGPay":true},{"reportDate":"2024-12-19","amount":293,"reportType":"srideIncome","viaGPay":true},{"reportDate":"2024-12-23","amount":112,"reportType":"srideIncome","viaGPay":true},{"reportDate":"2024-12-26","amount":312,"reportType":"srideIncome","viaGPay":true},{"reportDate":"2024-12-2","amount":2150,"reportType":"petrolExpense","viaRewardPoints":false},{"reportDate":"2024-12-13","amount":2150,"reportType":"petrolExpense","viaRewardPoints":false},{"reportDate":"2024-12-23","amount":2150,"reportType":"petrolExpense","viaRewardPoints":false},{"reportDate":"2024-12-28","amount":2290,"reportType":"petrolExpense","viaRewardPoints":false}]