[{"reportDate":"2024-2-29","amount":192,"reportType":"srideIncome","viaGPay":false},{"reportDate":"2024-2-28","amount":346,"reportType":"srideIncome","viaGPay":false},{"reportDate":"2024-2-22","amount":333,"reportType":"srideIncome","viaGPay":false},{"reportDate":"2024-2-21","amount":261,"reportType":"srideIncome","viaGPay":false},{"reportDate":"2024-2-20","amount":272,"reportType":"srideIncome","viaGPay":false},{"reportDate":"2024-2-17","amount":279,"reportType":"srideIncome","viaGPay":false},{"reportDate":"2024-2-15","amount":87,"reportType":"srideIncome","viaGPay":false},{"reportDate":"2024-2-14","amount":261,"reportType":"srideIncome","viaGPay":false},{"reportDate":"2024-2-8","amount":178,"reportType":"srideIncome","viaGPay":false},{"reportDate":"2024-2-7","amount":270,"reportType":"srideIncome","viaGPay":false},{"reportDate":"2024-2-5","amount":452,"reportType":"srideIncome","viaGPay":false},{"reportDate":"2024-2-3","amount":556,"reportType":"srideIncome","viaGPay":false},{"reportDate":"2024-2-2","amount":248,"reportType":"srideIncome","viaGPay":false},{"reportDate":"2024-2-1","amount":311,"reportType":"srideIncome","viaGPay":false},{"reportDate":"2024-2-2","amount":64,"reportType":"srideIncome","viaGPay":true},{"reportDate":"2024-2-2","amount":87,"reportType":"srideIncome","viaGPay":true},{"reportDate":"2024-2-5","amount":176,"reportType":"srideIncome","viaGPay":true},{"reportDate":"2024-2-6","amount":156,"reportType":"srideIncome","viaGPay":true},{"reportDate":"2024-2-16","amount":90,"reportType":"srideIncome","viaGPay":true},{"reportDate":"2024-2-19","amount":264,"reportType":"srideIncome","viaGPay":true}]