[{"reportDate":"2024-3-30","amount":295,"reportType":"srideIncome","viaGPay":false},{"reportDate":"2024-3-27","amount":214,"reportType":"srideIncome","viaGPay":false},{"reportDate":"2024-3-26","amount":288,"reportType":"srideIncome","viaGPay":false},{"reportDate":"2024-3-21","amount":270,"reportType":"srideIncome","viaGPay":false},{"reportDate":"2024-3-18","amount":359,"reportType":"srideIncome","viaGPay":false},{"reportDate":"2024-3-16","amount":260,"reportType":"srideIncome","viaGPay":false},{"reportDate":"2024-3-14","amount":242,"reportType":"srideIncome","viaGPay":false},{"reportDate":"2024-3-13","amount":262,"reportType":"srideIncome","viaGPay":false},{"reportDate":"2024-3-12","amount":380,"reportType":"srideIncome","viaGPay":false},{"reportDate":"2024-3-5","amount":71,"reportType":"srideIncome","viaGPay":false},{"reportDate":"2024-3-4","amount":174,"reportType":"srideIncome","viaGPay":false},{"reportDate":"2024-3-2","amount":107,"reportType":"srideIncome","viaGPay":false},{"reportDate":"2024-3-1","amount":100,"reportType":"srideIncome","viaGPay":true},{"reportDate":"2024-3-4","amount":264,"reportType":"srideIncome","viaGPay":true},{"reportDate":"2024-3-8","amount":61,"reportType":"srideIncome","viaGPay":true},{"reportDate":"2024-3-12","amount":89,"reportType":"srideIncome","viaGPay":true},{"reportDate":"2024-3-17","amount":264,"reportType":"srideIncome","viaGPay":true},{"reportDate":"2024-3-26","amount":264,"reportType":"srideIncome","viaGPay":true},{"reportDate":"2024-3-28","amount":85,"reportType":"srideIncome","viaGPay":true}]