[{"reportDate":"2024-4-26","amount":380,"reportType":"srideIncome","viaGPay":false},{"reportDate":"2024-4-26","amount":201,"reportType":"srideIncome","viaGPay":false},{"reportDate":"2024-4-18","amount":392,"reportType":"srideIncome","viaGPay":false},{"reportDate":"2024-4-16","amount":243,"reportType":"srideIncome","viaGPay":false},{"reportDate":"2024-4-16","amount":288,"reportType":"srideIncome","viaGPay":false},{"reportDate":"2024-4-12","amount":208,"reportType":"srideIncome","viaGPay":false},{"reportDate":"2024-4-12","amount":295,"reportType":"srideIncome","viaGPay":false},{"reportDate":"2024-4-9","amount":662,"reportType":"srideIncome","viaGPay":false},{"reportDate":"2024-4-6","amount":199,"reportType":"srideIncome","viaGPay":false},{"reportDate":"2024-4-5","amount":282,"reportType":"srideIncome","viaGPay":false},{"reportDate":"2024-4-4","amount":293,"reportType":"srideIncome","viaGPay":false},{"reportDate":"2024-4-2","amount":770,"reportType":"srideIncome","viaGPay":false},{"reportDate":"2024-4-3","amount":304,"reportType":"srideIncome","viaGPay":false},{"reportDate":"2024-4-1","amount":176,"reportType":"srideIncome","viaGPay":true},{"reportDate":"2024-4-4","amount":92,"reportType":"srideIncome","viaGPay":true},{"reportDate":"2024-4-9","amount":176,"reportType":"srideIncome","viaGPay":true},{"reportDate":"2024-4-22","amount":176,"reportType":"srideIncome","viaGPay":true},{"reportDate":"2024-4-29","amount":176,"reportType":"srideIncome","viaGPay":true}]