[{"reportDate":"2024-5-31","amount":689,"reportType":"srideIncome","viaGPay":false},{"reportDate":"2024-5-30","amount":667,"reportType":"srideIncome","viaGPay":false},{"reportDate":"2024-5-24","amount":294,"reportType":"srideIncome","viaGPay":false},{"reportDate":"2024-5-24","amount":392,"reportType":"srideIncome","viaGPay":false},{"reportDate":"2024-5-23","amount":781,"reportType":"srideIncome","viaGPay":false},{"reportDate":"2024-5-21","amount":365,"reportType":"srideIncome","viaGPay":false},{"reportDate":"2024-5-21","amount":387,"reportType":"srideIncome","viaGPay":false},{"reportDate":"2024-5-16","amount":523,"reportType":"srideIncome","viaGPay":false},{"reportDate":"2024-5-16","amount":296,"reportType":"srideIncome","viaGPay":false},{"reportDate":"2024-5-14","amount":193,"reportType":"srideIncome","viaGPay":false},{"reportDate":"2024-5-14","amount":278,"reportType":"srideIncome","viaGPay":false},{"reportDate":"2024-5-10","amount":238,"reportType":"srideIncome","viaGPay":false},{"reportDate":"2024-5-10","amount":188,"reportType":"srideIncome","viaGPay":false},{"reportDate":"2024-5-9","amount":300,"reportType":"srideIncome","viaGPay":false},{"reportDate":"2024-5-9","amount":289,"reportType":"srideIncome","viaGPay":false},{"reportDate":"2024-5-7","amount":290,"reportType":"srideIncome","viaGPay":false},{"reportDate":"2024-5-7","amount":287,"reportType":"srideIncome","viaGPay":false},{"reportDate":"2024-5-2","amount":113,"reportType":"srideIncome","viaGPay":false},{"reportDate":"2024-5-2","amount":295,"reportType":"srideIncome","viaGPay":false},{"reportDate":"2024-5-6","amount":88,"reportType":"srideIncome","viaGPay":true},{"reportDate":"2024-5-7","amount":81,"reportType":"srideIncome","viaGPay":true},{"reportDate":"2024-5-9","amount":200,"reportType":"srideIncome","viaGPay":true},{"reportDate":"2024-5-9","amount":78,"reportType":"srideIncome","viaGPay":true},{"reportDate":"2024-5-10","amount":80,"reportType":"srideIncome","viaGPay":true},{"reportDate":"2024-5-13","amount":99,"reportType":"srideIncome","viaGPay":true},{"reportDate":"2024-5-19","amount":176,"reportType":"srideIncome","viaGPay":true},{"reportDate":"2024-5-21","amount":20,"reportType":"srideIncome","viaGPay":true},{"reportDate":"2024-5-28","amount":88,"reportType":"srideIncome","viaGPay":true}]