[{"reportDate":"2024-6-28","amount":563,"reportType":"srideIncome","viaGPay":false},{"reportDate":"2024-6-26","amount":688,"reportType":"srideIncome","viaGPay":false},{"reportDate":"2024-6-18","amount":269,"reportType":"srideIncome","viaGPay":false},{"reportDate":"2024-6-14","amount":773,"reportType":"srideIncome","viaGPay":false},{"reportDate":"2024-6-13","amount":483,"reportType":"srideIncome","viaGPay":false},{"reportDate":"2024-6-11","amount":747,"reportType":"srideIncome","viaGPay":false},{"reportDate":"2024-6-7","amount":259,"reportType":"srideIncome","viaGPay":false},{"reportDate":"2024-6-7","amount":98,"reportType":"srideIncome","viaGPay":false},{"reportDate":"2024-6-6","amount":593,"reportType":"srideIncome","viaGPay":false},{"reportDate":"2024-6-3","amount":765,"reportType":"srideIncome","viaGPay":false},{"reportDate":"2024-6-4","amount":176,"reportType":"srideIncome","viaGPay":true},{"reportDate":"2024-6-11","amount":352,"reportType":"srideIncome","viaGPay":true},{"reportDate":"2024-6-13","amount":85,"reportType":"srideIncome","viaGPay":true},{"reportDate":"2024-6-16","amount":264,"reportType":"srideIncome","viaGPay":true},{"reportDate":"2024-6-28","amount":89,"reportType":"srideIncome","viaGPay":true},{"reportDate":"2024-6-29","amount":85,"reportType":"srideIncome","viaGPay":true},{"reportDate":"2024-6-30","amount":176,"reportType":"srideIncome","viaGPay":true}]