[{"reportDate":"2024-7-29","amount":564,"reportType":"srideIncome","viaGPay":false},{"reportDate":"2024-7-26","amount":107,"reportType":"srideIncome","viaGPay":false},{"reportDate":"2024-7-26","amount":527,"reportType":"srideIncome","viaGPay":false},{"reportDate":"2024-7-25","amount":566,"reportType":"srideIncome","viaGPay":false},{"reportDate":"2024-7-22","amount":426,"reportType":"srideIncome","viaGPay":false},{"reportDate":"2024-7-18","amount":519,"reportType":"srideIncome","viaGPay":false},{"reportDate":"2024-7-16","amount":363,"reportType":"srideIncome","viaGPay":false},{"reportDate":"2024-7-16","amount":313,"reportType":"srideIncome","viaGPay":false},{"reportDate":"2024-7-15","amount":573,"reportType":"srideIncome","viaGPay":false},{"reportDate":"2024-7-12","amount":296,"reportType":"srideIncome","viaGPay":false},{"reportDate":"2024-7-12","amount":170,"reportType":"srideIncome","viaGPay":false},{"reportDate":"2024-7-4","amount":689,"reportType":"srideIncome","viaGPay":false},{"reportDate":"2024-7-2","amount":688,"reportType":"srideIncome","viaGPay":false},{"reportDate":"2024-7-12","amount":95,"reportType":"srideIncome","viaGPay":true},{"reportDate":"2024-7-13","amount":88,"reportType":"srideIncome","viaGPay":true},{"reportDate":"2024-7-13","amount":85,"reportType":"srideIncome","viaGPay":true},{"reportDate":"2024-7-18","amount":95,"reportType":"srideIncome","viaGPay":true},{"reportDate":"2024-7-18","amount":97,"reportType":"srideIncome","viaGPay":true},{"reportDate":"2024-7-22","amount":176,"reportType":"srideIncome","viaGPay":true},{"reportDate":"2024-7-24","amount":95,"reportType":"srideIncome","viaGPay":true},{"reportDate":"2024-7-27","amount":85,"reportType":"srideIncome","viaGPay":true},{"reportDate":"2024-7-28","amount":88,"reportType":"srideIncome","viaGPay":true},{"reportDate":"2024-7-29","amount":180,"reportType":"srideIncome","viaGPay":true},{"reportDate":"2024-7-29","amount":2080,"reportType":"petrolExpense","viaRewardPoints":false}]