[{"reportDate":"2024-8-30","amount":827,"reportType":"srideIncome","viaGPay":false},{"reportDate":"2024-8-29","amount":651,"reportType":"srideIncome","viaGPay":false},{"reportDate":"2024-8-23","amount":179,"reportType":"srideIncome","viaGPay":false},{"reportDate":"2024-8-23","amount":392,"reportType":"srideIncome","viaGPay":false},{"reportDate":"2024-8-22","amount":715,"reportType":"srideIncome","viaGPay":false},{"reportDate":"2024-8-21","amount":402,"reportType":"srideIncome","viaGPay":false},{"reportDate":"2024-8-13","amount":380,"reportType":"srideIncome","viaGPay":false},{"reportDate":"2024-8-12","amount":810,"reportType":"srideIncome","viaGPay":false},{"reportDate":"2024-8-9","amount":295,"reportType":"srideIncome","viaGPay":false},{"reportDate":"2024-8-9","amount":291,"reportType":"srideIncome","viaGPay":false},{"reportDate":"2024-8-7","amount":646,"reportType":"srideIncome","viaGPay":false},{"reportDate":"2024-8-5","amount":689,"reportType":"srideIncome","viaGPay":false},{"reportDate":"2024-8-2","amount":501,"reportType":"srideIncome","viaGPay":false},{"reportDate":"2024-8-1","amount":521,"reportType":"srideIncome","viaGPay":false},{"reportDate":"2024-8-1","amount":95,"reportType":"srideIncome","viaGPay":true},{"reportDate":"2024-8-4","amount":176,"reportType":"srideIncome","viaGPay":true},{"reportDate":"2024-8-4","amount":85,"reportType":"srideIncome","viaGPay":true},{"reportDate":"2024-8-9","amount":125,"reportType":"srideIncome","viaGPay":true},{"reportDate":"2024-8-12","amount":176,"reportType":"srideIncome","viaGPay":true},{"reportDate":"2024-8-13","amount":95,"reportType":"srideIncome","viaGPay":true},{"reportDate":"2024-8-13","amount":123,"reportType":"srideIncome","viaGPay":true},{"reportDate":"2024-8-17","amount":88,"reportType":"srideIncome","viaGPay":true},{"reportDate":"2024-8-21","amount":123,"reportType":"srideIncome","viaGPay":true},{"reportDate":"2024-8-23","amount":123,"reportType":"srideIncome","viaGPay":true},{"reportDate":"2024-8-25","amount":176,"reportType":"srideIncome","viaGPay":true},{"reportDate":"2024-8-25","amount":85,"reportType":"srideIncome","viaGPay":true},{"reportDate":"2024-8-29","amount":123,"reportType":"srideIncome","viaGPay":true},{"reportDate":"2024-8-7","amount":2530,"reportType":"petrolExpense","viaRewardPoints":false},{"reportDate":"2024-8-30","amount":2580,"reportType":"petrolExpense","viaRewardPoints":false},{"reportDate":"2024-8-20","amount":2180,"reportType":"petrolExpense","viaRewardPoints":false}]