[{"reportDate":"2024-9-27","amount":186,"reportType":"srideIncome","viaGPay":false},{"reportDate":"2024-9-27","amount":431,"reportType":"srideIncome","viaGPay":false},{"reportDate":"2024-9-24","amount":456,"reportType":"srideIncome","viaGPay":false},{"reportDate":"2024-9-23","amount":742,"reportType":"srideIncome","viaGPay":false},{"reportDate":"2024-9-20","amount":603,"reportType":"srideIncome","viaGPay":false},{"reportDate":"2024-9-19","amount":700,"reportType":"srideIncome","viaGPay":false},{"reportDate":"2024-9-18","amount":580,"reportType":"srideIncome","viaGPay":false},{"reportDate":"2024-9-13","amount":104,"reportType":"srideIncome","viaGPay":false},{"reportDate":"2024-9-13","amount":379,"reportType":"srideIncome","viaGPay":false},{"reportDate":"2024-9-12","amount":579,"reportType":"srideIncome","viaGPay":false},{"reportDate":"2024-9-10","amount":610,"reportType":"srideIncome","viaGPay":false},{"reportDate":"2024-9-6","amount":174,"reportType":"srideIncome","viaGPay":false},{"reportDate":"2024-9-6","amount":398,"reportType":"srideIncome","viaGPay":false},{"reportDate":"2024-9-5","amount":680,"reportType":"srideIncome","viaGPay":false},{"reportDate":"2024-9-2","amount":795,"reportType":"srideIncome","viaGPay":false},{"reportDate":"2024-9-6","amount":123,"reportType":"srideIncome","viaGPay":true},{"reportDate":"2024-9-7","amount":176,"reportType":"srideIncome","viaGPay":true},{"reportDate":"2024-9-10","amount":99,"reportType":"srideIncome","viaGPay":true},{"reportDate":"2024-9-10","amount":123,"reportType":"srideIncome","viaGPay":true},{"reportDate":"2024-9-12","amount":99,"reportType":"srideIncome","viaGPay":true},{"reportDate":"2024-9-12","amount":123,"reportType":"srideIncome","viaGPay":true},{"reportDate":"2024-9-13","amount":200,"reportType":"srideIncome","viaGPay":true},{"reportDate":"2024-9-13","amount":123,"reportType":"srideIncome","viaGPay":true},{"reportDate":"2024-9-18","amount":123,"reportType":"srideIncome","viaGPay":true},{"reportDate":"2024-9-19","amount":123,"reportType":"srideIncome","viaGPay":true},{"reportDate":"2024-9-20","amount":95,"reportType":"srideIncome","viaGPay":true},{"reportDate":"2024-9-20","amount":123,"reportType":"srideIncome","viaGPay":true},{"reportDate":"2024-9-23","amount":123,"reportType":"srideIncome","viaGPay":true},{"reportDate":"2024-9-24","amount":99,"reportType":"srideIncome","viaGPay":true},{"reportDate":"2024-9-24","amount":123,"reportType":"srideIncome","viaGPay":true},{"reportDate":"2024-9-27","amount":123,"reportType":"srideIncome","viaGPay":true},{"reportDate":"2024-9-28","amount":264,"reportType":"srideIncome","viaGPay":true},{"reportDate":"2024-9-10","amount":2150,"reportType":"petrolExpense","viaRewardPoints":false},{"reportDate":"2024-9-19","amount":2150,"reportType":"petrolExpense","viaRewardPoints":false},{"reportDate":"2024-9-24","amount":2150,"reportType":"petrolExpense","viaRewardPoints":false}]