[{"reportDate":"2026-1-5","amount":860,"reportType":"srideIncome","viaGPay":false},{"reportDate":"2026-1-6","amount":815,"reportType":"srideIncome","viaGPay":false},{"reportDate":"2026-1-20","amount":854,"reportType":"srideIncome","viaGPay":false},{"reportDate":"2026-1-19","amount":866,"reportType":"srideIncome","viaGPay":false},{"reportDate":"2026-1-16","amount":757,"reportType":"srideIncome","viaGPay":false},{"reportDate":"2026-1-15","amount":743,"reportType":"srideIncome","viaGPay":false},{"reportDate":"2026-1-13","amount":793,"reportType":"srideIncome","viaGPay":false},{"reportDate":"2026-1-9","amount":656,"reportType":"srideIncome","viaGPay":false},{"reportDate":"2026-1-8","amount":755,"reportType":"srideIncome","viaGPay":false},{"reportDate":"2026-1-9","amount":250,"reportType":"srideIncome","viaGPay":true},{"reportDate":"2026-1-30","amount":610,"reportType":"srideIncome","viaGPay":false},{"reportDate":"2026-1-30","amount":250,"reportType":"srideIncome","viaGPay":true},{"reportDate":"2026-1-29","amount":892,"reportType":"srideIncome","viaGPay":false}]